Campaign,Ad group,Keyword,Match type,Final URL
Launch Test - Creator Intent,TikTok Ideas,tiktok content ideas,Phrase,https://www.contentideamaker.com/free-tiktok-hook-ideas?utm_source=google&utm_medium=cpc&utm_campaign=launch_100&utm_content=tiktok_hooks
Launch Test - Creator Intent,TikTok Ideas,tiktok content ideas,Exact,https://www.contentideamaker.com/free-tiktok-hook-ideas?utm_source=google&utm_medium=cpc&utm_campaign=launch_100&utm_content=tiktok_hooks
Launch Test - Creator Intent,TikTok Ideas,tiktok hook ideas,Phrase,https://www.contentideamaker.com/free-tiktok-hook-ideas?utm_source=google&utm_medium=cpc&utm_campaign=launch_100&utm_content=tiktok_hooks
Launch Test - Creator Intent,TikTok Ideas,tiktok video ideas,Exact,https://www.contentideamaker.com/free-tiktok-hook-ideas?utm_source=google&utm_medium=cpc&utm_campaign=launch_100&utm_content=tiktok_hooks
Launch Test - Creator Intent,TikTok Ideas,ai tiktok hook generator,Phrase,https://www.contentideamaker.com/free-tiktok-hook-ideas?utm_source=google&utm_medium=cpc&utm_campaign=launch_100&utm_content=tiktok_hooks
Launch Test - Creator Intent,TikTok Ideas,viral tiktok ideas,Phrase,https://www.contentideamaker.com/free-tiktok-hook-ideas?utm_source=google&utm_medium=cpc&utm_campaign=launch_100&utm_content=tiktok_hooks
Launch Test - Creator Intent,TikTok Ideas,tiktok ideas for creators,Phrase,https://www.contentideamaker.com/free-tiktok-hook-ideas?utm_source=google&utm_medium=cpc&utm_campaign=launch_100&utm_content=tiktok_hooks
Launch Test - Creator Intent,Instagram Reels,instagram reels ideas,Phrase,https://www.contentideamaker.com/instagram-reels-hook-ideas?utm_source=google&utm_medium=cpc&utm_campaign=launch_100&utm_content=instagram_reels
Launch Test - Creator Intent,Instagram Reels,instagram reels hook ideas,Exact,https://www.contentideamaker.com/instagram-reels-hook-ideas?utm_source=google&utm_medium=cpc&utm_campaign=launch_100&utm_content=instagram_reels
Launch Test - Creator Intent,Instagram Reels,reels content ideas,Phrase,https://www.contentideamaker.com/instagram-reels-hook-ideas?utm_source=google&utm_medium=cpc&utm_campaign=launch_100&utm_content=instagram_reels
Launch Test - Creator Intent,Instagram Reels,instagram content ideas,Phrase,https://www.contentideamaker.com/instagram-reels-hook-ideas?utm_source=google&utm_medium=cpc&utm_campaign=launch_100&utm_content=instagram_reels
Launch Test - Creator Intent,Instagram Reels,instagram hook ideas,Phrase,https://www.contentideamaker.com/instagram-reels-hook-ideas?utm_source=google&utm_medium=cpc&utm_campaign=launch_100&utm_content=instagram_reels
Launch Test - Creator Intent,Instagram Reels,instagram reels hooks,Phrase,https://www.contentideamaker.com/instagram-reels-hook-ideas?utm_source=google&utm_medium=cpc&utm_campaign=launch_100&utm_content=instagram_reels
Launch Test - Creator Intent,Content Calendar,content calendar template,Phrase,https://www.contentideamaker.com/free-content-calendar-template?utm_source=google&utm_medium=cpc&utm_campaign=launch_100&utm_content=calendar_template
Launch Test - Creator Intent,Content Calendar,content calendar tool,Exact,https://www.contentideamaker.com/free-content-calendar-template?utm_source=google&utm_medium=cpc&utm_campaign=launch_100&utm_content=calendar_template
Launch Test - Creator Intent,Content Calendar,social media content calendar,Phrase,https://www.contentideamaker.com/free-content-calendar-template?utm_source=google&utm_medium=cpc&utm_campaign=launch_100&utm_content=calendar_template
Launch Test - Creator Intent,Content Calendar,creator content planner,Phrase,https://www.contentideamaker.com/free-content-calendar-template?utm_source=google&utm_medium=cpc&utm_campaign=launch_100&utm_content=calendar_template
Launch Test - Creator Intent,Content Calendar,content planner for creators,Phrase,https://www.contentideamaker.com/free-content-calendar-template?utm_source=google&utm_medium=cpc&utm_campaign=launch_100&utm_content=calendar_template
Launch Test - Creator Intent,Content Calendar,weekly content calendar,Phrase,https://www.contentideamaker.com/free-content-calendar-template?utm_source=google&utm_medium=cpc&utm_campaign=launch_100&utm_content=calendar_template
